<rdf:RDF xmlns:rdf="http://www.w3.org/1999/02/22-rdf-syntax-ns#" xmlns:dc="http://purl.org/dc/elements/1.1/" xmlns:sy="http://purl.org/rss/1.0/modules/syndication/" xmlns:content="http://purl.org/rss/1.0/modules/content/" xmlns:foaf="http://xmlns.com/foaf/0.1/" xmlns:cc="http://web.resource.org/cc/" xmlns:steam="http://www.steampowered.com" xmlns="http://purl.org/rss/1.0/">
<channel rdf:about="http://www.steampowered.com">
<title>Steam RSS News Feed</title>
<link>http://www.steampowered.com/</link>
<description>All Steam news, all the time!</description>
<language>en</language>
<pubDate>Sat, 26 May 2018 10:00:00 -0700</pubDate>
<generator>http://www.steampowered.com/</generator>
<items>
<rdf:Seq>
<rdf:li rdf:resource="https://store.steampowered.com/news/40559/"/>
<rdf:li rdf:resource="https://store.steampowered.com/news/40504/"/>
<rdf:li rdf:resource="https://store.steampowered.com/news/40512/"/>
<rdf:li rdf:resource="https://store.steampowered.com/news/40462/"/>
<rdf:li rdf:resource="https://store.steampowered.com/news/40499/"/>
<rdf:li rdf:resource="https://store.steampowered.com/news/40503/"/>
<rdf:li rdf:resource="https://store.steampowered.com/news/40478/"/>
<rdf:li rdf:resource="https://store.steampowered.com/news/40460/"/>
<rdf:li rdf:resource="https://store.steampowered.com/news/40458/"/>
<rdf:li rdf:resource="https://store.steampowered.com/news/40393/"/>
<rdf:li rdf:resource="https://store.steampowered.com/news/40440/"/>
<rdf:li rdf:resource="https://store.steampowered.com/news/40371/"/>
<rdf:li rdf:resource="https://store.steampowered.com/news/40243/"/>
<rdf:li rdf:resource="https://store.steampowered.com/news/40392/"/>
<rdf:li rdf:resource="https://store.steampowered.com/news/40430/"/>
<rdf:li rdf:resource="https://store.steampowered.com/news/40426/"/>
<rdf:li rdf:resource="https://store.steampowered.com/news/40413/"/>
<rdf:li rdf:resource="https://store.steampowered.com/news/40405/"/>
<rdf:li rdf:resource="https://store.steampowered.com/news/40343/"/>
<rdf:li rdf:resource="https://store.steampowered.com/news/40391/"/>
</rdf:Seq>
</items>
</channel>
<item rdf:about="https://store.steampowered.com/news/40559/">
<title>
<![CDATA[ Daily Deal - My Time At Portia, 20% Off ]]>
</title>
<link>
<![CDATA[ https://store.steampowered.com/news/40559/ ]]>
</link>
<guid isPermaLink="true">
<![CDATA[ https://store.steampowered.com/news/40559/ ]]>
</guid>
<comments>https://steamcommunity.com//discussions/</comments>
<pubDate>Sat, 26 May 2018 10:00:00 -0700</pubDate>
<author>Valve</author>
<category>Valve news update</category>
<dc:subject>Valve news update</dc:subject>
<dc:creator>Valve</dc:creator>
<dc:date>2018-05-26T10:00:00-0700</dc:date>
<content:encoded>
<![CDATA[
Today's Deal: Save 20% on <a href='http://store.steampowered.com/app/666140/'>My Time At Portia</a>!*<br><br>Look for the deals each day on the front page of Steam. Or follow us on <a href='http://twitter.com/steam_games'>twitter</a> or <a href='http://www.facebook.com/Steam'>Facebook</a> for instant notifications wherever you are!<br><br>*Offer ends Monday at 10AM Pacific Time<br><a href="http://store.steampowered.com/app/666140/"><img src="https://steamcdn-a.akamaihd.net/steam/apps/666140/capsule_467x181.jpg" style=" float: left; margin-right: 12px; height: 181px; width: 467px;"></a>
]]>
</content:encoded>
</item>
<item rdf:about="https://store.steampowered.com/news/40504/">
<title>
<![CDATA[ Daily Deal - Hunt Showdown, 20% Off ]]>
</title>
<link>
<![CDATA[ https://store.steampowered.com/news/40504/ ]]>
</link>
<guid isPermaLink="true">
<![CDATA[ https://store.steampowered.com/news/40504/ ]]>
</guid>
<comments>https://steamcommunity.com//discussions/</comments>
<pubDate>Fri, 25 May 2018 10:00:00 -0700</pubDate>
<author>Valve</author>
<category>Valve news update</category>
<dc:subject>Valve news update</dc:subject>
<dc:creator>Valve</dc:creator>
<dc:date>2018-05-25T10:00:00-0700</dc:date>
<content:encoded>
<![CDATA[
Today's Deal: Save 20% on <a href='http://store.steampowered.com/app/594650/'>Hunt Showdown</a>!*<br><br>Look for the deals each day on the front page of Steam. Or follow us on <a href='http://twitter.com/steam_games'>twitter</a> or <a href='http://www.facebook.com/Steam'>Facebook</a> for instant notifications wherever you are!<br><br>*Offer ends Sunday at 10AM Pacific Time<br><a href="http://store.steampowered.com/app/594650/"><img src="https://steamcdn-a.akamaihd.net/steam/apps/594650/capsule_467x181.jpg" style=" float: left; margin-right: 12px; height: 181px; width: 467px;"></a>
]]>
</content:encoded>
</item>
<item rdf:about="https://store.steampowered.com/news/40512/">
<title>
<![CDATA[
Free For a Limited Time - Galactic Civilizations II: Ultimate Edition
]]>
</title>
<link>
<![CDATA[ https://store.steampowered.com/news/40512/ ]]>
</link>
<guid isPermaLink="true">
<![CDATA[ https://store.steampowered.com/news/40512/ ]]>
</guid>
<comments>https://steamcommunity.com//discussions/</comments>
<pubDate>Thu, 24 May 2018 14:15:00 -0700</pubDate>
<author>Valve</author>
<category>Valve news update</category>
<dc:subject>Valve news update</dc:subject>
<dc:creator>Valve</dc:creator>
<dc:date>2018-05-24T14:15:00-0700</dc:date>
<content:encoded>
<![CDATA[
Add <a href='https://store.steampowered.com/app/202200'>Galactic Civilizations&reg; II: Ultimate Edition</a> to your account for FREE starting now until Saturday at 10AM Pacific! Once you add the game, it will remain in your account permanently, so don't miss out on this opportunity to own this great title! <br><br><a href="https://store.steampowered.com/app/202200/"><img src="https://steamcdn-a.akamaihd.net/steam/news/40512/header.jpg?t=1527195350"></a>
]]>
</content:encoded>
</item>
<item rdf:about="https://store.steampowered.com/news/40462/">
<title>
<![CDATA[ Spring Cleaning ]]>
</title>
<link>
<![CDATA[ https://store.steampowered.com/news/40462/ ]]>
</link>
<guid isPermaLink="true">
<![CDATA[ https://store.steampowered.com/news/40462/ ]]>
</guid>
<comments>https://steamcommunity.com//discussions/</comments>
<pubDate>Thu, 24 May 2018 10:10:00 -0700</pubDate>
<author>Valve</author>
<category>Valve news update</category>
<dc:subject>Valve news update</dc:subject>
<dc:creator>Valve</dc:creator>
<dc:date>2018-05-24T10:10:00-0700</dc:date>
<content:encoded>
<![CDATA[
<a href="https://store.steampowered.com/springcleaning"><img src="https://steamcdn-a.akamaihd.net/steam/news/40462/News_Header.jpg?t=1527111911" style=" height: 300px; width: 620px;"></a><br><br>Spring Cleaning. That wonderful time of year where people go through their closets to make space, and in doing so discover forgotten gems lost to the bottom of plastic storage totes. But why should the joy of rediscovering a kitschy t-shirt, or a well-hidden holiday gift, be limited to cleaning our homes? With so many wonderful games out there it&rsquo;s easy to have a backlog of titles that you always intended to go play, but for whatever reason never got around to… and the Steam Spring Cleaning Event is the time to change that. By diving into your Steam Library and playing games that you haven&rsquo;t looked at in a while (or at all), you can unlock and level up the new Spring Cleaning badge. But this event isn&rsquo;t just for those with a hefty backlog of titles to work through… as we said earlier, Spring Cleaning is a time of delightful surprises and so in that spirit the following games will be available to play FREE for the duration of the event (May 24th -May 28th)<br> <br><a href="https://store.steampowered.com/app/322330/">Don&rsquo;t Starve Together</a><br><a href="https://store.steampowered.com/app/381210/">Dead by Daylight</a><br><a href="https://store.steampowered.com/app/255710/">Cities: Skylines</a><br><a href="https://store.steampowered.com/app/362960/">Tyranny</a><br><a href="https://store.steampowered.com/app/49520/">Borderlands 2</a><br><a href="https://store.steampowered.com/app/204360/">Castle Crashers</a><br><a href="https://store.steampowered.com/app/241930/">Middle-earth: Shadow of Mordor</a><br><a href="https://store.steampowered.com/app/550/">Left 4 Dead 2</a><br><a href="https://store.steampowered.com/app/421020/">Dirt 4</a><br> <br>It&rsquo;s a great time for games, so enjoy the weekend exploring Steam and finding a new classic to add to your all-time favorite list.<br><br><br><img src="https://steamcdn-a.akamaihd.net/steam/news/40462/News_Howto.png?t=1527111927" style=" float: center; margin-right: 12px; height: 158px; width: 620px;"></a>
]]>
</content:encoded>
</item>
<item rdf:about="https://store.steampowered.com/news/40499/">
<title>
<![CDATA[
Weekend Deal - Assassin's Creed Franchise, Up to 66% Off
]]>
</title>
<link>
<![CDATA[ https://store.steampowered.com/news/40499/ ]]>
</link>
<guid isPermaLink="true">
<![CDATA[ https://store.steampowered.com/news/40499/ ]]>
</guid>
<comments>https://steamcommunity.com//discussions/</comments>
<pubDate>Thu, 24 May 2018 10:08:00 -0700</pubDate>
<author>Valve</author>
<category>Valve news update</category>
<dc:subject>Valve news update</dc:subject>
<dc:creator>Valve</dc:creator>
<dc:date>2018-05-24T10:08:00-0700</dc:date>
<content:encoded>
<![CDATA[
Save up to 66% on the <a href='http://store.steampowered.com/app/379050/'>Assassin's Creed Franchise</a> as part of this week's Weekend Deal*!<br><br>*Offer ends Monday at 10AM Pacific Time<br><a href="http://store.steampowered.com/app/379050/"><img src="https://steamcdn-a.akamaihd.net/steam/apps/379050/capsule_467x181.jpg" style=" float: left; margin-right: 12px; height: 181px; width: 467px;"></a>
]]>
</content:encoded>
</item>
<item rdf:about="https://store.steampowered.com/news/40503/">
<title>
<![CDATA[ Daily Deal - We Were Here Too, 25% Off ]]>
</title>
<link>
<![CDATA[ https://store.steampowered.com/news/40503/ ]]>
</link>
<guid isPermaLink="true">
<![CDATA[ https://store.steampowered.com/news/40503/ ]]>
</guid>
<comments>https://steamcommunity.com//discussions/</comments>
<pubDate>Thu, 24 May 2018 10:00:00 -0700</pubDate>
<author>Valve</author>
<category>Valve news update</category>
<dc:subject>Valve news update</dc:subject>
<dc:creator>Valve</dc:creator>
<dc:date>2018-05-24T10:00:00-0700</dc:date>
<content:encoded>
<![CDATA[
Today's Deal: Save 25% on <a href='http://store.steampowered.com/app/677160/'>We Were Here Too</a>!*<br><br>Look for the deals each day on the front page of Steam. Or follow us on <a href='http://twitter.com/steam_games'>twitter</a> or <a href='http://www.facebook.com/Steam'>Facebook</a> for instant notifications wherever you are!<br><br>*Offer ends Saturday at 10AM Pacific Time<br><a href="http://store.steampowered.com/app/677160/"><img src="https://steamcdn-a.akamaihd.net/steam/apps/677160/capsule_467x181.jpg" style=" float: left; margin-right: 12px; height: 181px; width: 467px;"></a>
]]>
</content:encoded>
</item>
<item rdf:about="https://store.steampowered.com/news/40478/">
<title>
<![CDATA[
Now Available on Steam - Bloodstained: Curse of the Moon
]]>
</title>
<link>
<![CDATA[ https://store.steampowered.com/news/40478/ ]]>
</link>
<guid isPermaLink="true">
<![CDATA[ https://store.steampowered.com/news/40478/ ]]>
</guid>
<comments>https://steamcommunity.com//discussions/</comments>
<pubDate>Thu, 24 May 2018 00:00:00 -0700</pubDate>
<author>Valve</author>
<category>Valve news update</category>
<dc:subject>Valve news update</dc:subject>
<dc:creator>Valve</dc:creator>
<dc:date>2018-05-24T00:00:00-0700</dc:date>
<content:encoded>
<![CDATA[
<a href='http://store.steampowered.com/app/838310/'>Bloodstained: Curse of the Moon</a> is Now Available on Steam!<br><br>Battle with swords and whips in this retro-style action game brought to you by game creator Koji Igarashi and Inti Creates! Play as Zangetsu, a demon slayer bearing a deep grudge, who must travel through perilous lands to defeat a powerful demon lurking in a dark castle.<br><br><a href="http://store.steampowered.com/app/838310/"><img src="https://steamcdn-a.akamaihd.net/steam/apps/838310/capsule_467x181.jpg" style=" float: left; margin-right: 12px; height: 181px; width: 467px;"></a>
]]>
</content:encoded>
</item>
<item rdf:about="https://store.steampowered.com/news/40460/">
<title>
<![CDATA[ Dota 2 Update - May 23rd, 2018 ]]>
</title>
<link>
<![CDATA[ https://store.steampowered.com/news/40460/ ]]>
</link>
<guid isPermaLink="true">
<![CDATA[ https://store.steampowered.com/news/40460/ ]]>
</guid>
<comments>https://steamcommunity.com//discussions/</comments>
<pubDate>Wed, 23 May 2018 10:51:00 -0700</pubDate>
<author>Valve</author>
<category>Valve news update</category>
<dc:subject>Valve news update</dc:subject>
<dc:creator>Valve</dc:creator>
<dc:date>2018-05-23T10:51:00-0700</dc:date>
<content:encoded>
<![CDATA[
* Fixed Dispersion tooltip incorrectly stating its Spell Immunity Interaction (was a previous change that wasn't documented correctly)
]]>
</content:encoded>
</item>
<item rdf:about="https://store.steampowered.com/news/40458/">
<title>
<![CDATA[ Now Available on Steam Early Access - Raft ]]>
</title>
<link>
<![CDATA[ https://store.steampowered.com/news/40458/ ]]>
</link>
<guid isPermaLink="true">
<![CDATA[ https://store.steampowered.com/news/40458/ ]]>
</guid>
<comments>https://steamcommunity.com//discussions/</comments>
<pubDate>Wed, 23 May 2018 10:00:23 -0700</pubDate>
<author>Valve</author>
<category>Valve news update</category>
<dc:subject>Valve news update</dc:subject>
<dc:creator>Valve</dc:creator>
<dc:date>2018-05-23T10:00:23-0700</dc:date>
<content:encoded>
<![CDATA[
<a href='http://store.steampowered.com/app/648800/'>Raft</a> is Now Available on Steam Early Access!<br><br>Raft throws you and your friends into an epic oceanic adventure! Alone or together, players battle to survive a perilous voyage across a vast sea! Gather debris, scavenge reefs and build your own floating home, but be wary of the man-eating sharks!<br><a href="http://store.steampowered.com/app/648800/"><img src="https://steamcdn-a.akamaihd.net/steam/apps/648800/capsule_467x181.jpg" style=" float: left; margin-right: 12px; height: 181px; width: 467px;"></a>
]]>
</content:encoded>
</item>
<item rdf:about="https://store.steampowered.com/news/40393/">
<title>
<![CDATA[ Daily Deal - Risen Franchise, Up To 75% Off ]]>
</title>
<link>
<![CDATA[ https://store.steampowered.com/news/40393/ ]]>
</link>
<guid isPermaLink="true">
<![CDATA[ https://store.steampowered.com/news/40393/ ]]>
</guid>
<comments>https://steamcommunity.com//discussions/</comments>
<pubDate>Wed, 23 May 2018 10:00:00 -0700</pubDate>
<author>Valve</author>
<category>Valve news update</category>
<dc:subject>Valve news update</dc:subject>
<dc:creator>Valve</dc:creator>
<dc:date>2018-05-23T10:00:00-0700</dc:date>
<content:encoded>
<![CDATA[
Today's Deal: Save up to 75% on <a href='https://store.steampowered.com/sale/risen/'>Risen Franchise Advertising App</a>!*<br><br>Look for the deals each day on the front page of Steam. Or follow us on <a href='http://twitter.com/steam_games'>twitter</a> or <a href='http://www.facebook.com/Steam'>Facebook</a> for instant notifications wherever you are!<br><br>*Offer ends Friday at 10AM Pacific Time<br><a href="https://store.steampowered.com/sale/risen/"><img src="https://steamcdn-a.akamaihd.net/steam/apps/380430/capsule_467x181.jpg" style=" float: left; margin-right: 12px; height: 181px; width: 467px;"></a>
]]>
</content:encoded>
</item>
<item rdf:about="https://store.steampowered.com/news/40440/">
<title>
<![CDATA[ Now Available on Steam - Ancestors Legacy ]]>
</title>
<link>
<![CDATA[ https://store.steampowered.com/news/40440/ ]]>
</link>
<guid isPermaLink="true">
<![CDATA[ https://store.steampowered.com/news/40440/ ]]>
</guid>
<comments>https://steamcommunity.com//discussions/</comments>
<pubDate>Tue, 22 May 2018 14:30:00 -0700</pubDate>
<author>Valve</author>
<category>Valve news update</category>
<dc:subject>Valve news update</dc:subject>
<dc:creator>Valve</dc:creator>
<dc:date>2018-05-22T14:30:00-0700</dc:date>
<content:encoded>
<![CDATA[
<a href='http://store.steampowered.com/app/620590/'>Ancestors Legacy</a> is Now Available on Steam!<br><br>Ancestors Legacy is a squad-based real time strategy with a strong focus on tactics. Inspired by medieval European history, it brings to life four different nations and their conflicts, usually solved by war.<br><a href="http://store.steampowered.com/app/620590/"><img src="https://steamcdn-a.akamaihd.net/steam/apps/620590/capsule_467x181.jpg" style=" float: left; margin-right: 12px; height: 181px; width: 467px;"></a>
]]>
</content:encoded>
</item>
<item rdf:about="https://store.steampowered.com/news/40371/">
<title>
<![CDATA[ Extended Free Weekend - TerraTech, 40% Off ]]>
</title>
<link>
<![CDATA[ https://store.steampowered.com/news/40371/ ]]>
</link>
<guid isPermaLink="true">
<![CDATA[ https://store.steampowered.com/news/40371/ ]]>
</guid>
<comments>https://steamcommunity.com//discussions/</comments>
<pubDate>Tue, 22 May 2018 10:10:00 -0700</pubDate>
<author>Valve</author>
<category>Valve news update</category>
<dc:subject>Valve news update</dc:subject>
<dc:creator>Valve</dc:creator>
<dc:date>2018-05-22T10:10:00-0700</dc:date>
<content:encoded>
<![CDATA[
Play <a href='http://store.steampowered.com/app/285920/'>Terra Tech</a> for FREE starting now through Sunday at 1PM Pacific Time. You can also pickup <a href='http://store.steampowered.com/app/285920/'>Terra Tech</a> 40% off the regular price!*<br><br>TerraTech is an open-world, sandbox adventure game, where you design and build your own creations through a mix of crafting, combat and discovery. Explore a hostile alien landscape, or design with creative freedom. The choice is yours!<br><br>*The opportunity to try the game for free ends Sunday at 1pm Pacific Time, but the discount lasts until Monday at 10am Pacific Time.<br><br><br><a href="https://store.steampowered.com/app/285920"><img src="https://steamcdn-a.akamaihd.net/steam/apps/285920/capsule_467x181.jpg" style=" float: left; margin-right: 12px; height: 181px; width: 467px;"></a>
]]>
</content:encoded>
</item>
<item rdf:about="https://store.steampowered.com/news/40243/">
<title>
<![CDATA[ Midweek Madness - Northgard, 33% Off! ]]>
</title>
<link>
<![CDATA[ https://store.steampowered.com/news/40243/ ]]>
</link>
<guid isPermaLink="true">
<![CDATA[ https://store.steampowered.com/news/40243/ ]]>
</guid>
<comments>https://steamcommunity.com//discussions/</comments>
<pubDate>Tue, 22 May 2018 10:10:00 -0700</pubDate>
<author>Valve</author>
<category>Valve news update</category>
<dc:subject>Valve news update</dc:subject>
<dc:creator>Valve</dc:creator>
<dc:date>2018-05-22T10:10:00-0700</dc:date>
<content:encoded>
<![CDATA[
Save 33% on <a href='http://store.steampowered.com/app/466560/'>Northgard</a> during this week's Midweek Madness*!<br><br>*Offer ends Friday at 10AM Pacific Time<br><a href="http://store.steampowered.com/app/466560/"><img src="https://steamcdn-a.akamaihd.net/steam/apps/466560/capsule_467x181.jpg" style=" float: left; margin-right: 12px; height: 181px; width: 467px;"></a>
]]>
</content:encoded>
</item>
<item rdf:about="https://store.steampowered.com/news/40392/">
<title>
<![CDATA[ Daily Deal - Kingdom Come: Deliverance, 20% Off ]]>
</title>
<link>
<![CDATA[ https://store.steampowered.com/news/40392/ ]]>
</link>
<guid isPermaLink="true">
<![CDATA[ https://store.steampowered.com/news/40392/ ]]>
</guid>
<comments>https://steamcommunity.com//discussions/</comments>
<pubDate>Tue, 22 May 2018 10:00:00 -0700</pubDate>
<author>Valve</author>
<category>Valve news update</category>
<dc:subject>Valve news update</dc:subject>
<dc:creator>Valve</dc:creator>
<dc:date>2018-05-22T10:00:00-0700</dc:date>
<content:encoded>
<![CDATA[
Today's Deal: Save 20% on <a href='http://store.steampowered.com/app/379430/'>Kingdom Come: Deliverance</a>!*<br><br>Look for the deals each day on the front page of Steam. Or follow us on <a href='http://twitter.com/steam_games'>twitter</a> or <a href='http://www.facebook.com/Steam'>Facebook</a> for instant notifications wherever you are!<br><br>*Offer ends Thursday at 10AM Pacific Time<br><a href="http://store.steampowered.com/app/379430/"><img src="https://steamcdn-a.akamaihd.net/steam/apps/379430/capsule_467x181.jpg" style=" float: left; margin-right: 12px; height: 181px; width: 467px;"></a>
]]>
</content:encoded>
</item>
<item rdf:about="https://store.steampowered.com/news/40430/">
<title>
<![CDATA[
Pre-Purchase Now - Shining Resonance Refrain, 10% off!
]]>
</title>
<link>
<![CDATA[ https://store.steampowered.com/news/40430/ ]]>
</link>
<guid isPermaLink="true">
<![CDATA[ https://store.steampowered.com/news/40430/ ]]>
</guid>
<comments>https://steamcommunity.com//discussions/</comments>
<pubDate>Tue, 22 May 2018 09:31:00 -0700</pubDate>
<author>Valve</author>
<category>Valve news update</category>
<dc:subject>Valve news update</dc:subject>
<dc:creator>Valve</dc:creator>
<dc:date>2018-05-22T09:31:00-0700</dc:date>
<content:encoded>
<![CDATA[
<a href='http://store.steampowered.com/app/809890/'>Shining Resonance Refrain</a> is Now Available for Pre-Purchase on Steam and is 10% off!*<br><br>*Offer ends when game is released.<br><a href="http://store.steampowered.com/app/809890/"><img src="https://steamcdn-a.akamaihd.net/steam/apps/809890/capsule_467x181.jpg" style=" float: left; margin-right: 12px; height: 181px; width: 467px;"></a>
]]>
</content:encoded>
</item>
<item rdf:about="https://store.steampowered.com/news/40426/">
<title>
<![CDATA[ Now Available on Steam - Runner3 ]]>
</title>
<link>
<![CDATA[ https://store.steampowered.com/news/40426/ ]]>
</link>
<guid isPermaLink="true">
<![CDATA[ https://store.steampowered.com/news/40426/ ]]>
</guid>
<comments>https://steamcommunity.com//discussions/</comments>
<pubDate>Tue, 22 May 2018 08:03:04 -0700</pubDate>
<author>Valve</author>
<category>Valve news update</category>
<dc:subject>Valve news update</dc:subject>
<dc:creator>Valve</dc:creator>
<dc:date>2018-05-22T08:03:04-0700</dc:date>
<content:encoded>
<![CDATA[
<a href='http://store.steampowered.com/app/516130/'>Runner3</a> is Now Available on Steam!<br><br>The rhythm-music gameplay of BIT.TRIP RUNNER and Runner2 is back and better than ever!<br><a href="http://store.steampowered.com/app/516130/"><img src="https://steamcdn-a.akamaihd.net/steam/apps/516130/capsule_467x181.jpg" style=" float: left; margin-right: 12px; height: 181px; width: 467px;"></a>
]]>
</content:encoded>
</item>
<item rdf:about="https://store.steampowered.com/news/40413/">
<title>
<![CDATA[
Now Available on Steam - Space Hulk: Deathwing - Enhanced Edition
]]>
</title>
<link>
<![CDATA[ https://store.steampowered.com/news/40413/ ]]>
</link>
<guid isPermaLink="true">
<![CDATA[ https://store.steampowered.com/news/40413/ ]]>
</guid>
<comments>https://steamcommunity.com//discussions/</comments>
<pubDate>Tue, 22 May 2018 01:02:58 -0700</pubDate>
<author>Valve</author>
<category>Valve news update</category>
<dc:subject>Valve news update</dc:subject>
<dc:creator>Valve</dc:creator>
<dc:date>2018-05-22T01:02:58-0700</dc:date>
<content:encoded>
<![CDATA[
<a href='http://store.steampowered.com/app/816090/'>Space Hulk: Deathwing - Enhanced Edition</a> is Now Available on Steam!<br><br><strong>Space Hulk&reg; Deathwing&trade; Enhanced Edition</strong> is a First-Person Shooter based on Games Workshop&rsquo;s cult classic board game set in Warhammer 40,000 universe. Expanding upon the original game, and featuring a host of new content, new features and a richer multiplayer mode.<br><a href="http://store.steampowered.com/app/816090/"><img src="https://steamcdn-a.akamaihd.net/steam/apps/816090/capsule_467x181.jpg" style=" float: left; margin-right: 12px; height: 181px; width: 467px;"></a>
]]>
</content:encoded>
</item>
<item rdf:about="https://store.steampowered.com/news/40405/">
<title>
<![CDATA[ Portal 2 - Update ]]>
</title>
<link>
<![CDATA[ https://store.steampowered.com/news/40405/ ]]>
</link>
<guid isPermaLink="true">
<![CDATA[ https://store.steampowered.com/news/40405/ ]]>
</guid>
<comments>https://steamcommunity.com//discussions/</comments>
<pubDate>Mon, 21 May 2018 16:33:00 -0700</pubDate>
<author>Valve</author>
<category>Valve news update</category>
<dc:subject>Valve news update</dc:subject>
<dc:creator>Valve</dc:creator>
<dc:date>2018-05-21T16:33:00-0700</dc:date>
<content:encoded>
<![CDATA[
An update has been released for Portal 2<br><br>- Added HUD hint support for Steam Input types other than the Steam Controller.
]]>
</content:encoded>
</item>
<item rdf:about="https://store.steampowered.com/news/40343/">
<title>
<![CDATA[ Daily Deal - Chivalry: Medieval Warfare, 85% Off ]]>
</title>
<link>
<![CDATA[ https://store.steampowered.com/news/40343/ ]]>
</link>
<guid isPermaLink="true">
<![CDATA[ https://store.steampowered.com/news/40343/ ]]>
</guid>
<comments>https://steamcommunity.com//discussions/</comments>
<pubDate>Mon, 21 May 2018 10:00:00 -0700</pubDate>
<author>Valve</author>
<category>Valve news update</category>
<dc:subject>Valve news update</dc:subject>
<dc:creator>Valve</dc:creator>
<dc:date>2018-05-21T10:00:00-0700</dc:date>
<content:encoded>
<![CDATA[
Today's Deal: Save 85% on <a href='http://store.steampowered.com/app/219640/'>Chivalry: Medieval Warfare</a>!*<br><br>Look for the deals each day on the front page of Steam. Or follow us on <a href='http://twitter.com/steam_games'>twitter</a> or <a href='http://www.facebook.com/Steam'>Facebook</a> for instant notifications wherever you are!<br><br>*Offer ends Wednesday at 10AM Pacific Time<br><a href="http://store.steampowered.com/app/219640/"><img src="https://steamcdn-a.akamaihd.net/steam/apps/219640/capsule_467x181.jpg" style=" float: left; margin-right: 12px; height: 181px; width: 467px;"></a>
]]>
</content:encoded>
</item>
<item rdf:about="https://store.steampowered.com/news/40391/">
<title>
<![CDATA[
Now Available on Steam - The Elder Scrolls Online: Summerset
]]>
</title>
<link>
<![CDATA[ https://store.steampowered.com/news/40391/ ]]>
</link>
<guid isPermaLink="true">
<![CDATA[ https://store.steampowered.com/news/40391/ ]]>
</guid>
<comments>https://steamcommunity.com//discussions/</comments>
<pubDate>Mon, 21 May 2018 09:22:00 -0700</pubDate>
<author>Valve</author>
<category>Valve news update</category>
<dc:subject>Valve news update</dc:subject>
<dc:creator>Valve</dc:creator>
<dc:date>2018-05-21T09:22:00-0700</dc:date>
<content:encoded>
<![CDATA[
<a href='http://store.steampowered.com/app/799520/'>The Elder Scrolls Online: Summerset</a> is Now Available on Steam!<br><br>Join over 10 million players in the award-winning online multiplayer RPG and experience limitless adventure in a persistent Elder Scrolls world. Be part of an ever-expanding story across Tamriel and travel to the stunning home of the High Elves in the latest Chapter of ESO to save the world from destruction.<br><br><a href="http://store.steampowered.com/app/799520/"><img src="https://steamcdn-a.akamaihd.net/steam/apps/799520/capsule_467x181.jpg" style=" float: left; margin-right: 12px; height: 181px; width: 467px;"></a>
]]>
</content:encoded>
</item>
</rdf:RDF>